ticker,horizon,n,da,p_binom,da_ci_lo,da_ci_hi,pearson,spearman,amp_ratio,coverage,mae,p_binom_bh
AFLT,1,135,0.4888888888888889,0.6346052802820951,0.40604637402013033,0.5723462691070017,-0.1054586073498015,-0.014383980079978598,0.12076629943774947,0.7111111111111111,0.021603369011188756,0.9553035922055835
AFLT,2,135,0.4740740740740741,0.7543687711085386,0.39173028297786244,0.5578525509854456,-0.2323308351815884,-0.14526405382906837,0.12761082142517052,0.6814814814814815,0.02176489455655218,0.9553035922055835
AFLT,3,135,0.45185185185185184,0.8859482609669933,0.370389938345493,0.5359781818720788,-0.029932847880950998,-0.02838507021886587,0.08878230303694133,0.6888888888888889,0.021491454473122534,0.9663357982345109
AFLT,5,135,0.42962962962962964,0.9575936778301268,0.34921160149343466,0.513941804978401,-0.06976525418149047,-0.11976894908914022,0.06965978575116401,0.6888888888888889,0.021437694570021287,0.9710809127291428
BANEP,1,135,0.5111111111111111,0.43170761515099587,0.42765373089299835,0.5939536259798697,-0.035899047901311786,-0.04060599261580161,0.1370717300724736,0.7407407407407407,0.018317067743688686,0.8634152303019917
BANEP,2,135,0.43703703703703706,0.9394931371724411,0.35625290991304437,0.5213054011407033,-0.08438875316560199,-0.06381847536157936,0.1257353511070627,0.7481481481481481,0.018468483558858762,0.9663357982345109
BANEP,3,135,0.4740740740740741,0.7543687711085386,0.39173028297786244,0.5578525509854456,-0.14098161161722855,-0.08861617703830435,0.09644300904807515,0.7703703703703704,0.01827445503980896,0.9553035922055835
BANEP,5,135,0.5037037037037037,0.5000000000000003,0.42043352727523053,0.5867689250157254,-0.1653279129305085,-0.006345753320499447,0.05165305643675822,0.7703703703703704,0.018002471128734723,0.9473684210526322
BSPB,1,135,0.48148148148148145,0.6971288674047242,0.39887943575661955,0.5651083027886004,-0.01375920590886225,-0.07741683738171887,0.13625303951412032,0.8074074074074075,0.015821097855734573,0.9553035922055835
BSPB,2,135,0.4740740740740741,0.7543687711085386,0.39173028297786244,0.5578525509854456,0.04327548905344261,-0.02849478099697591,0.11173052030427172,0.8296296296296296,0.015670302391097537,0.9553035922055835
BSPB,3,135,0.4666666666666667,0.8052486855119301,0.38459894995150423,0.5505789794298916,0.022287815633609594,-0.012042727538776705,0.11121002078714495,0.8296296296296296,0.01574790656657346,0.9553035922055835
BSPB,5,135,0.4444444444444444,0.9158703976700378,0.36331238690531265,0.5286508287303471,-0.08547111955571234,-0.1072724612232953,0.07350826574384874,0.8222222222222222,0.015942228047125518,0.9663357982345109
CBOM,1,135,0.5333333333333333,0.24563122889146136,0.4494210205701084,0.6154010500484959,0.10167212885356572,0.041569165897462734,0.11912883286085918,0.6814814814814815,0.018821070450687163,0.7689325426167486
CBOM,2,135,0.5185185185185185,0.36539471971790494,0.4348916972113996,0.6011205642433803,0.07900265879296364,0.026202353675701947,0.08937888593106126,0.7185185185185186,0.019555740356073013,0.8634152303019917
CBOM,3,135,0.4666666666666667,0.8052486855119301,0.38459894995150423,0.5505789794298916,-0.06638657321516707,-0.1260366379337562,0.07706375960584966,0.7111111111111111,0.019841692651574018,0.9553035922055835
CBOM,5,135,0.4444444444444444,0.9158703976700378,0.36331238690531265,0.5286508287303471,-0.08715518576355909,-0.12001038924307679,0.06453267045126071,0.6888888888888889,0.01937108038169597,0.9663357982345109
FEES,1,135,0.562962962962963,0.08412960232996226,0.47869459885929677,0.6437470900869557,0.009437632406818212,0.003736225412432556,0.29444632602349485,0.6666666666666666,0.019372241580549166,0.6843104341980398
FEES,2,135,0.5555555555555556,0.11405173903300664,0.47134917126965303,0.6366876130946874,-0.018663062892110234,-0.0012657317160917078,0.1826097550551829,0.7111111111111111,0.019340591265454916,0.6843104341980398
FEES,3,135,0.45925925925925926,0.8491587486271853,0.3774854825392432,0.5432875422602407,-0.05745900359776534,-0.07575123860023995,0.11982269627967498,0.762962962962963,0.019184322588076192,0.9553035922055835
FEES,5,135,0.4962962962962963,0.5682923848490041,0.4132310749842746,0.5795664727247695,-0.09506805433036809,-0.04792465116169201,0.11985607523805185,0.7481481481481481,0.01910018306590451,0.9553035922055835
GMKN,1,135,0.5333333333333333,0.24563122889146136,0.4494210205701084,0.6154010500484959,-0.23068661772953009,-0.18636009457639277,0.09252826619723592,0.6592592592592592,0.01890480712920615,0.7689325426167486
GMKN,2,135,0.5407407407407407,0.19475131448806987,0.45671245773975944,0.6225145174607569,-0.1502765269356762,-0.1375623567974352,0.09617913882618494,0.674074074074074,0.018656154084754815,0.7689325426167486
GMKN,3,135,0.5259259259259259,0.30287113259527576,0.4421474490145545,0.6082697170221376,-0.1445004451562816,-0.07086390457509972,0.09140299465691633,0.6962962962962963,0.018772008322203465,0.8634152303019917
GMKN,5,135,0.5407407407407407,0.19475131448806987,0.45671245773975944,0.6225145174607569,-0.15763399431690525,-0.138901252196538,0.079616715527254,0.674074074074074,0.018760764657187026,0.7689325426167486
IRAO,1,135,0.4148148148148148,0.9807642498372389,0.33518393096474086,0.4991596663432707,-0.06742894837680866,-0.04416403785492242,0.15757336248498774,0.6666666666666666,0.01228038355077164,0.980764249837239
IRAO,2,135,0.43703703703703706,0.9394931371724411,0.35625290991304437,0.5213054011407033,-0.042285635811228434,-0.05046343096217653,0.11808177725530206,0.7037037037037037,0.012165247192434458,0.9663357982345109
IRAO,3,135,0.4740740740740741,0.7543687711085386,0.39173028297786244,0.5578525509854456,-0.0402983292968433,-0.049848856024883446,0.07530734417909025,0.7111111111111111,0.012019224445525613,0.9553035922055835
IRAO,5,135,0.45925925925925926,0.8491587486271853,0.3774854825392432,0.5432875422602407,-0.143460040215926,-0.1830530961042919,0.05835111762780986,0.7037037037037037,0.011898237064778105,0.9553035922055835
IRKT,1,135,0.5555555555555556,0.11405173903300664,0.47134917126965303,0.6366876130946874,-0.0045662029543199235,-0.07060616777141572,0.2449935893584227,0.8,0.027809909362284876,0.6843104341980398
IRKT,2,135,0.562962962962963,0.08412960232996226,0.47869459885929677,0.6437470900869557,0.016953755691649,-0.037621178682665846,0.2139061212304768,0.8074074074074075,0.027563948756941008,0.6843104341980398
IRKT,3,135,0.5703703703703704,0.060506862827558905,0.4860581950215992,0.6507883985065654,-0.06292733231659148,-0.07782750253605812,0.2379006720216553,0.8074074074074075,0.027523275883398677,0.6843104341980398
IRKT,5,135,0.5481481481481482,0.15084125137281468,0.46402181812792126,0.6296100616545071,-0.10522041359522233,-0.09807711303223945,0.26668882022271,0.8222222222222222,0.027341711564455893,0.7689325426167486
MSRS,1,135,0.5185185185185185,0.36539471971790494,0.4348916972113996,0.6011205642433803,0.033101524633619366,0.04168871741480892,0.231469244877192,0.8296296296296296,0.012517944711827633,0.8634152303019917
MSRS,2,135,0.48148148148148145,0.6971288674047242,0.39887943575661955,0.5651083027886004,-0.09339025923137104,-0.06987871885378029,0.11265140067614628,0.837037037037037,0.012598926872386661,0.9553035922055835
MSRS,3,135,0.45185185185185184,0.8859482609669933,0.370389938345493,0.5359781818720788,-0.059422116206547776,-0.05769695077802443,0.08773026527893453,0.837037037037037,0.012184192240530146,0.9663357982345109
MSRS,5,135,0.4666666666666667,0.8052486855119301,0.38459894995150423,0.5505789794298916,-0.024021036810165698,-0.0765610100504912,0.07588571636558346,0.8444444444444444,0.012281117983531917,0.9553035922055835
MTLRP,1,135,0.5407407407407407,0.19475131448806987,0.45671245773975944,0.6225145174607569,0.06015165993772291,0.024363476733977176,0.36516232705545,0.6888888888888889,0.025564411695207477,0.7689325426167486
MTLRP,2,135,0.5333333333333333,0.24563122889146136,0.4494210205701084,0.6154010500484959,-0.005585364556255635,-0.054384938054823924,0.3333040524809996,0.7111111111111111,0.02584542607980543,0.7689325426167486
MTLRP,3,135,0.5185185185185185,0.36539471971790494,0.4348916972113996,0.6011205642433803,0.062473823135426106,0.001653497219783436,0.29046835785408665,0.7185185185185186,0.025488014521738572,0.8634152303019917
MTLRP,5,135,0.45925925925925926,0.8491587486271853,0.3774854825392432,0.5432875422602407,-0.11181325785718443,-0.11264266900790168,0.28021989675616177,0.7111111111111111,0.0258769880769981,0.9553035922055835
PHOR,1,135,0.5407407407407407,0.19475131448806987,0.45671245773975944,0.6225145174607569,0.062224912773214625,0.04602777811992432,0.0822784355594725,0.6962962962962963,0.016488221738887882,0.7689325426167486
PHOR,2,135,0.5111111111111111,0.43170761515099587,0.42765373089299835,0.5939536259798697,0.01280229117987379,-0.03524821052123489,0.07781114837732359,0.6962962962962963,0.016690986830153673,0.8634152303019917
PHOR,3,135,0.562962962962963,0.08412960232996226,0.47869459885929677,0.6437470900869557,0.021791569253370915,-0.009989391150278705,0.0932126667877829,0.6814814814814815,0.016523464537969622,0.6843104341980398
PHOR,5,135,0.5333333333333333,0.24563122889146136,0.4494210205701084,0.6154010500484959,-0.10109206734679393,-0.01009426024682704,0.0807966912373455,0.6888888888888889,0.016355780989429948,0.7689325426167486
RASP,1,135,0.5037037037037037,0.5000000000000003,0.42043352727523053,0.5867689250157254,-0.17918990091507941,-0.04208375046797401,0.09977605302637428,0.7185185185185186,0.019173111374800392,0.9473684210526322
RASP,2,135,0.4962962962962963,0.5682923848490041,0.4132310749842746,0.5795664727247695,-0.10945850431972992,-0.020324871140478405,0.07964879882185101,0.7333333333333333,0.0192172097507605,0.9553035922055835
RASP,3,135,0.5111111111111111,0.43170761515099587,0.42765373089299835,0.5939536259798697,-0.10466171710982536,-0.031596955903052344,0.08023910283691311,0.725925925925926,0.01925140172112078,0.8634152303019917
RASP,5,135,0.5259259259259259,0.30287113259527576,0.4421474490145545,0.6082697170221376,-0.04827733006525152,-0.0637353230603867,0.07247280895664124,0.725925925925926,0.019268650130595977,0.8634152303019917
RUAL,1,135,0.5555555555555556,0.11405173903300664,0.47134917126965303,0.6366876130946874,-0.01668262939042833,0.012306116476441325,0.12541761989673011,0.7037037037037037,0.018378432109663313,0.6843104341980398
RUAL,2,135,0.5555555555555556,0.11405173903300664,0.47134917126965303,0.6366876130946874,0.001964565957765966,0.059018632328553325,0.11021389485359634,0.6888888888888889,0.018494474693868522,0.6843104341980398
RUAL,3,135,0.4962962962962963,0.5682923848490041,0.4132310749842746,0.5795664727247695,-0.054988266555478706,-0.061208662569505426,0.09586202367822329,0.7185185185185186,0.018760382726368152,0.9553035922055835
RUAL,5,135,0.48148148148148145,0.6971288674047242,0.39887943575661955,0.5651083027886004,0.053832431128526724,-0.11621792995805288,0.08652376267807048,0.7333333333333333,0.018594360246825356,0.9553035922055835
SBERP,1,135,0.4666666666666667,0.8052486855119301,0.38459894995150423,0.5505789794298916,-0.14492768092837405,-0.042108087015900894,0.12394241686811684,0.6518518518518519,0.013302809415608725,0.9553035922055835
SBERP,2,135,0.4666666666666667,0.8052486855119301,0.38459894995150423,0.5505789794298916,-0.05350798492904936,0.03035313627938738,0.11474893997444545,0.6370370370370371,0.01298014011834818,0.9553035922055835
SBERP,3,135,0.45925925925925926,0.8491587486271853,0.3774854825392432,0.5432875422602407,-0.12504278136087082,-0.07692908008974735,0.08036788751712119,0.6666666666666666,0.013119997481661743,0.9553035922055835
SBERP,5,135,0.48148148148148145,0.6971288674047242,0.39887943575661955,0.5651083027886004,-0.170469770034335,-0.05511169641986149,0.0759475055553984,0.6592592592592592,0.013176348920590773,0.9553035922055835
SNGSP,1,135,0.4666666666666667,0.8052486855119301,0.38459894995150423,0.5505789794298916,-0.02408395279704292,0.04880987220758951,0.21096830486661453,0.8074074074074075,0.0161509601545991,0.9553035922055835
SNGSP,2,135,0.48148148148148145,0.6971288674047242,0.39887943575661955,0.5651083027886004,-0.040962330136402714,0.006326212076870549,0.17998786616399376,0.8,0.01589818089661282,0.9553035922055835
SNGSP,3,135,0.4740740740740741,0.7543687711085386,0.39173028297786244,0.5578525509854456,-0.01674660163924838,0.010833089454687351,0.152774195728893,0.7777777777777778,0.01551857030611496,0.9553035922055835
SNGSP,5,135,0.5111111111111111,0.43170761515099587,0.42765373089299835,0.5939536259798697,-0.15944460998923776,-0.019207882157838262,0.11012576297027411,0.7925925925925926,0.015344803854211386,0.8634152303019917
UNAC,1,135,0.5851851851851851,0.028946945783388897,0.5008403336567293,0.6648160690352591,0.06732605311490439,0.07130036094039607,0.3134333876701048,0.8296296296296296,0.024470500003628364,0.5210450241010002
UNAC,2,135,0.6148148148148148,0.004782414843857919,0.5306282390754702,0.6926477819441665,0.11030193075966467,0.09729782460247782,0.2967964463558916,0.837037037037037,0.023666265978186583,0.34433386875777017
UNAC,3,135,0.5851851851851851,0.028946945783388897,0.5008403336567293,0.6648160690352591,0.03434327639209047,0.11835430689688813,0.2877787904400205,0.8666666666666667,0.023574875033950393,0.5210450241010002
UNAC,5,135,0.5851851851851851,0.028946945783388897,0.5008403336567293,0.6648160690352591,-0.0981425875050116,0.008394302994829773,0.31005109687700316,0.8592592592592593,0.02374268973598389,0.5210450241010002
UPRO,1,135,0.5111111111111111,0.43170761515099587,0.42765373089299835,0.5939536259798697,0.05003293359360808,0.034435664813188965,0.17514244130440937,0.8074074074074075,0.014815792684425799,0.8634152303019917
UPRO,2,135,0.4740740740740741,0.7543687711085386,0.39173028297786244,0.5578525509854456,0.007442916409906201,0.012145156570090724,0.12026541038554556,0.8,0.01464846373005341,0.9553035922055835
UPRO,3,135,0.5185185185185185,0.36539471971790494,0.4348916972113996,0.6011205642433803,-0.004190076096992401,-0.07162715832601699,0.12718290880730007,0.8148148148148148,0.014426540965031055,0.8634152303019917
UPRO,5,135,0.4888888888888889,0.6346052802820951,0.40604637402013033,0.5723462691070017,-0.05826507987284214,-0.11614964393717687,0.1277217668323264,0.8148148148148148,0.014377119758262828,0.9553035922055835
VTBR,1,135,0.5333333333333333,0.24563122889146136,0.4494210205701084,0.6154010500484959,-0.08617747022159669,-0.015023290983176778,0.13233007593552484,0.7333333333333333,0.01770899745710075,0.7689325426167486
VTBR,2,135,0.5481481481481482,0.15084125137281468,0.46402181812792126,0.6296100616545071,0.04274511731477097,-0.06247347756900265,0.13208329775568595,0.7407407407407407,0.017199262720144475,0.7689325426167486
VTBR,3,135,0.5111111111111111,0.43170761515099587,0.42765373089299835,0.5939536259798697,-0.004285550435308731,-0.10637270446789585,0.11344575854869002,0.7555555555555555,0.017322891996825584,0.8634152303019917
VTBR,5,135,0.5185185185185185,0.36539471971790494,0.4348916972113996,0.6011205642433803,-0.12790362250005893,-0.11062605178521083,0.11248642668020777,0.7555555555555555,0.017358324793283864,0.8634152303019917
