logged_at,track,tag,period,signal,book,exec_lag,cost_bps,borrow,ic_t,net_sharpe,daily_sr
2026-09-24T11:14:23,A,v1_dev,dev,chronos_MED,LS,1,5,0.05,5.4743634978020275,1.701852481890566,0.10720662940953553
2026-09-24T11:14:23,A,v1_dev,dev,chronos_MED,LO,1,5,0.05,5.4743634978020275,0.745557702407007,0.04696572068137244
2026-09-24T11:14:24,A,v1_dev,dev,chronos_MED_SIG,LS,1,5,0.05,5.777249981478516,1.459698775181002,0.09195237971891697
2026-09-24T11:14:24,A,v1_dev,dev,chronos_MED_SIG,LO,1,5,0.05,5.777249981478516,0.712194638744125,0.04486404521882003
2026-09-24T11:15:29,B,v1_dev,dev,lowvol_factor|chronos,lowvol_factor,1,5,0.05,-0.9072158654862298,-0.05714922775068547,0.011040151616480975
2026-09-24T11:15:29,B,v1_dev,dev,inverse_vol_ew|chronos,inverse_vol_ew,1,5,0.05,0.21870195094331377,0.013776927939063242,-0.027786744118207474
2026-09-24T11:15:30,B,v1_dev,dev,voltarget_ew|chronos,voltarget_ew,1,5,0.05,0.3701711876084633,0.023318592974605434,-0.03072995660700306
2026-09-24T11:15:31,B,v1_dev,dev,voltarget_mom|chronos,voltarget_mom,1,5,0.05,1.8683798365858895,0.11769686671937529,-0.04233652979979974
2026-09-24T11:19:30,A,v1_test,test,chronos_MED_SIG,LS,1,5,0.05,3.540778249899303,1.0573266385940578,0.06660531762580345
2026-09-24T11:19:30,A,v1_test,test,chronos_MED_SIG,LO,1,5,0.05,3.540778249899303,-0.6455248693698633,-0.04066424451095511
2026-09-24T11:19:38,B,v1_test,test,lowvol_factor|chronos,lowvol_factor,1,5,0.05,-1.3046926430624262,-0.08218791121235094,-0.6261281689115995
2026-09-24T11:19:39,B,v1_test,test,inverse_vol_ew|chronos,inverse_vol_ew,1,5,0.05,-0.8490811702807032,-0.053487086177867314,-0.0154658962109806
2026-09-24T11:19:40,B,v1_test,test,voltarget_ew|chronos,voltarget_ew,1,5,0.05,-1.6983741356075412,-0.10698751418956769,-0.03657596668414609
2026-09-24T11:19:41,B,v1_test,test,voltarget_mom|chronos,voltarget_mom,1,5,0.05,0.17760133942112422,0.011187832776673018,-0.10850541099311173
2026-09-24T11:46:48,A,v1c_dev,dev,chronos_MED,LS,1,5,0.05,5.5228569993910535,1.5528684282222833,0.09782151618761704
2026-09-24T11:46:48,A,v1c_dev,dev,chronos_MED,LO,1,5,0.05,5.5228569993910535,0.8347962865200091,0.05258722308409918
2026-09-24T11:46:50,A,v1c_dev,dev,chronos_MED_SIG,LS,1,5,0.05,5.748263929238867,1.2775948982573964,0.08048091373985568
2026-09-24T11:46:50,A,v1c_dev,dev,chronos_MED_SIG,LO,1,5,0.05,5.748263929238867,0.7361448652298045,0.04637276767417194
2026-09-24T11:47:53,B,v1c_dev,dev,lowvol_factor|chronos,lowvol_factor,1,5,0.05,-0.8564415934721329,-0.05395074925664625,0.3451992654448751
2026-09-24T11:47:53,B,v1c_dev,dev,inverse_vol_ew|chronos,inverse_vol_ew,1,5,0.05,0.21000781597542426,0.013229248915495,0.018952566495104545
2026-09-24T11:47:55,B,v1c_dev,dev,voltarget_ew|chronos,voltarget_ew,1,5,0.05,0.3006047966140407,0.018936322256045305,-0.03883402889287629
2026-09-24T11:47:56,B,v1c_dev,dev,voltarget_mom|chronos,voltarget_mom,1,5,0.05,1.9871685074396632,0.12517984961582748,0.011194382488181276
2026-09-24T11:48:19,A,v1c_test,test,chronos_MED_SIG,LS,1,5,0.05,3.212892888732291,0.8091323272680216,0.05097054561176456
2026-09-24T11:48:20,A,v1c_test,test,chronos_MED_SIG,LO,1,5,0.05,3.212892888732291,-0.7693415259064098,-0.048463960733888485
2026-09-24T11:48:28,B,v1c_test,test,lowvol_factor|chronos,lowvol_factor,1,5,0.05,-1.2228229248138762,-0.0770306037268131,-0.48338534384896326
2026-09-24T11:48:28,B,v1c_test,test,inverse_vol_ew|chronos,inverse_vol_ew,1,5,0.05,-0.8557684348341734,-0.05390834424833826,-0.009057558317477565
2026-09-24T11:48:30,B,v1c_test,test,voltarget_ew|chronos,voltarget_ew,1,5,0.05,-1.7042033623809434,-0.10735472096047773,-0.03182199462697355
2026-09-24T11:48:31,B,v1c_test,test,voltarget_mom|chronos,voltarget_mom,1,5,0.05,0.23817594877440243,0.01500367449366495,-0.08455538967180723
2026-09-24T12:16:47,A,I0_2x2,ext_dev,uni|MED_SIG,LS,1,5,0.05,6.369977540252062,1.1705897040649624,0.07374022010115679
2026-09-24T12:16:47,B,I0_2x2,ext_dev,uni|SIG,vol_forecast,0,,,,
2026-09-24T12:16:49,A,I0_2x2,ext_dev,xl|MED_SIG,LS,1,5,0.05,5.4692709362832135,1.0051334214615724,0.06331745399111412
2026-09-24T12:16:49,B,I0_2x2,ext_dev,xl|SIG,vol_forecast,0,,,,
2026-09-24T12:16:51,A,I0_2x2,ext_dev,cov|MED_SIG,LS,1,5,0.05,6.386332866998111,1.26273140760841,0.07954460183815205
2026-09-24T12:16:51,B,I0_2x2,ext_dev,cov|SIG,vol_forecast,0,,,,
2026-09-24T12:16:52,A,I0_2x2,ext_dev,xl_cov|MED_SIG,LS,1,5,0.05,6.203150956968966,1.466773679296446,0.09239805678651442
2026-09-24T12:16:52,B,I0_2x2,ext_dev,xl_cov|SIG,vol_forecast,0,,,,
2026-09-24T12:24:22,A,S3ref_uni,ext_dev,chronos,LS_5d,1,5,0.05,6.369977540252062,1.1705897040649624,0.07374022010115679
2026-09-24T12:24:24,A,S3mimic_uni,ext_dev,mimic,LS_5d,1,5,0.05,5.623522665218234,1.9914818061496842,0.12545156189480489
2026-09-24T12:24:26,A,S3mimic_uni,ext_dev,chronos_minus_mimic,LS_5d,1,5,0.05,1.7743732733928972,-1.2247494618202412,-0.07715196415087035
2026-09-24T12:24:29,A,S3combo_uni,ext_dev,combo_classic,LS_5d,1,5,0.05,4.158493617658211,1.313924956857854,0.0827694923154084
2026-09-24T12:24:30,A,S3combo_uni,ext_dev,combo_plus_chronos,LS_5d,1,5,0.05,3.9105051884845663,1.136051870677341,0.07156454110195132
2026-09-24T12:24:31,A,S3turn_uni,ext_dev,chronos_smooth_hl5,LS_5d,1,5,0.05,6.071861092964243,1.1999418023786725,0.07558922849629954
2026-09-24T12:24:33,A,S3turn_uni,ext_dev,chronos_smooth_hl10,LS_5d,1,5,0.05,5.79181370264218,1.09293000882377,0.06884811913684104
2026-09-24T12:24:34,A,S3turn_uni,ext_dev,chronos_smooth_hl21,LS_5d,1,5,0.05,5.429011390477607,0.8922330553992243,0.05620539943089674
2026-09-24T12:24:36,A,S3turn_uni,ext_dev,chronos_monthly,LS_21d,1,5,0.05,5.5229623546453395,1.230484780470281,0.07751325526605407
2026-09-24T12:24:38,A,S3turn_uni,ext_dev,chronos_smooth_hl10_monthly,LS_21d,1,5,0.05,4.4891841368159335,0.9018795172767388,0.056813069410886465
2026-09-24T12:24:39,A,S3turn_uni,ext_dev,combo_plus_chronos_hl10,LS_5d,1,5,0.05,3.560368926333355,0.7052500629695695,0.04442657806500294
2026-09-24T12:24:40,A,S3turn_uni,ext_dev,combo_classic_hl10,LS_5d,1,5,0.05,3.3849276413003335,0.7862056280438912,0.0495262993134163
2026-09-24T12:24:42,B,S3volcal_uni,ext_dev,chronos_sig_calibrated,vol_forecast,0,,,,
2026-09-24T12:42:53,B,S3rv,ext_dev,chronos_rv_uni,vol_forecast,0,,,,
2026-09-24T12:42:53,B,S3rv,ext_dev,chronos_rv_xl,vol_forecast,0,,,,
2026-09-24T12:46:10,B,S3rvecon,ext_dev,lowvol_factor|chronos_rv_uni,lowvol_factor,1,5,0.05,-1.1928374578634855,
2026-09-24T12:46:11,B,S3rvecon,ext_dev,lowvol_factor|chronos_rv_xl,lowvol_factor,1,5,0.05,-1.2060747943815702,
2026-09-24T12:46:11,B,S3rvecon,ext_dev,inverse_vol_ew|chronos_rv_uni,inverse_vol_ew,1,5,0.05,-0.04076235220706271,
2026-09-24T12:46:12,B,S3rvecon,ext_dev,inverse_vol_ew|chronos_rv_xl,inverse_vol_ew,1,5,0.05,-0.0354820776397318,
2026-09-24T12:46:14,B,S3rvecon,ext_dev,voltarget_ew|chronos_rv_uni,voltarget_ew,1,5,0.05,-0.47517916299935314,
2026-09-24T12:46:14,B,S3rvecon,ext_dev,voltarget_ew|chronos_rv_xl,voltarget_ew,1,5,0.05,-0.3920887866498308,
2026-09-24T12:46:17,B,S3rvecon,ext_dev,voltarget_mom|chronos_rv_uni,voltarget_mom,1,5,0.05,1.3299856175346945,
2026-09-24T12:46:17,B,S3rvecon,ext_dev,voltarget_mom|chronos_rv_xl,voltarget_mom,1,5,0.05,1.379436653717356,
2026-09-24T12:54:16,A,S3qshape_uni,ext_dev,qshape_SKEW,LS_5d,1,5,0.05,-2.0648310462421415,-2.0851491848591728,-0.13135205213348616
2026-09-24T12:54:19,A,S3qshape_uni,ext_dev,qshape_UPDOWN,LS_5d,1,5,0.05,-2.0651762016538395,-2.0861123344825088,-0.13141272485678837
2026-09-24T12:54:23,A,S3qshape_uni,ext_dev,qshape_TAIL,LS_5d,1,5,0.05,-2.130958835273059,-0.1937825065794874,-0.012207150496287176
2026-09-24T12:54:27,A,S3qshape_uni,ext_dev,qshape_DOWN,LS_5d,1,5,0.05,-3.0706933075218794,-1.2164454054470193,-0.07662885776904639
2026-09-24T12:54:31,A,S3qshape_uni,ext_dev,qshape_PUP,LS_5d,1,5,0.05,6.497092064479383,1.286773752208695,0.08105912718927756
2026-09-24T12:54:35,B,S3qshape_uni,ext_dev,vol_iqr80,vol_forecast,0,,,,
2026-09-24T12:54:35,B,S3qshape_uni,ext_dev,vol_iqr50,vol_forecast,0,,,,
2026-09-24T13:06:30,B,S3volattr,ext_dev,baseline_loghar,vol_forecast,0,,,,
2026-09-24T13:06:30,B,S3volattr,ext_dev,baseline_loghar_pooled,vol_forecast,0,,,,
2026-09-24T13:06:30,B,S3volattr,ext_dev,baseline_loghar_pooled_mkt,vol_forecast,0,,,,
2026-09-24T13:07:29,A,S3ref_cov,ext_dev,chronos,LS_5d,1,5,0.05,6.386332866998111,1.26273140760841,0.07954460183815205
2026-09-24T13:07:31,A,S3mimic_cov,ext_dev,mimic,LS_5d,1,5,0.05,5.712484468583975,2.038286540892977,0.1283999830450691
2026-09-24T13:07:32,A,S3mimic_cov,ext_dev,chronos_minus_mimic,LS_5d,1,5,0.05,2.488107325117426,-0.9499762449082909,-0.05984287846300779
2026-09-24T13:07:34,A,S3mimic_cov,ext_dev,mimic_ext,LS_5d,1,5,0.05,,,
2026-09-24T13:07:52,A,S3ref_cov,ext_dev,chronos,LS_5d,1,5,0.05,6.386332866998111,1.26273140760841,0.07954460183815205
2026-09-24T13:07:54,A,S3mimic_cov,ext_dev,mimic,LS_5d,1,5,0.05,5.712484468583975,2.038286540892977,0.1283999830450691
2026-09-24T13:07:55,A,S3mimic_cov,ext_dev,chronos_minus_mimic,LS_5d,1,5,0.05,2.488107325117426,-0.9499762449082909,-0.05984287846300779
2026-09-24T13:07:57,A,S3mimic_cov,ext_dev,mimic_ext,LS_5d,1,5,0.05,,,
2026-09-24T13:09:13,A,S3ref_cov,ext_dev,chronos,LS_5d,1,5,0.05,6.386332866998111,1.26273140760841,0.07954460183815205
2026-09-24T13:09:15,A,S3mimic_cov,ext_dev,mimic,LS_5d,1,5,0.05,5.712484468583975,2.038286540892977,0.1283999830450691
2026-09-24T13:09:17,A,S3mimic_cov,ext_dev,chronos_minus_mimic,LS_5d,1,5,0.05,2.488107325117426,-0.9499762449082909,-0.05984287846300779
2026-09-24T13:09:20,A,S3mimic_cov,ext_dev,mimic_ext,LS_5d,1,5,0.05,5.320631865607288,1.5671027400705284,0.09871819355034554
2026-09-24T13:09:21,A,S3mimic_cov,ext_dev,chronos_minus_mimic_ext,LS_5d,1,5,0.05,2.1772185105899684,-0.673058628418312,-0.042398708299073426
2026-09-24T13:09:24,A,S3combo_cov,ext_dev,combo_classic,LS_5d,1,5,0.05,4.158493617658211,1.313924956857854,0.0827694923154084
2026-09-24T13:09:25,A,S3combo_cov,ext_dev,combo_plus_chronos,LS_5d,1,5,0.05,4.170633659847449,1.2201396052350075,0.0768615704817227
2026-09-24T13:09:27,A,S3turn_cov,ext_dev,chronos_smooth_hl5,LS_5d,1,5,0.05,6.188995775386033,1.360848303201907,0.08572538529420164
2026-09-24T13:09:28,A,S3turn_cov,ext_dev,chronos_smooth_hl10,LS_5d,1,5,0.05,5.827681012939784,1.2113613218042474,0.07630859060325054
2026-09-24T13:09:29,A,S3turn_cov,ext_dev,chronos_smooth_hl21,LS_5d,1,5,0.05,5.286139573407547,0.9431778187706689,0.05941461787094138
2026-09-24T13:09:31,A,S3turn_cov,ext_dev,chronos_monthly,LS_21d,1,5,0.05,5.689382643323617,1.2833211469859795,0.08084163350369213
2026-09-24T13:09:33,A,S3turn_cov,ext_dev,chronos_smooth_hl10_monthly,LS_21d,1,5,0.05,4.502386189025822,0.9722187427690896,0.061244024126735394
2026-09-24T13:09:34,A,S3turn_cov,ext_dev,combo_plus_chronos_hl10,LS_5d,1,5,0.05,3.8159322071032626,0.84686716358615,0.053347616865609696
2026-09-24T13:09:35,A,S3turn_cov,ext_dev,combo_classic_hl10,LS_5d,1,5,0.05,3.3849276413003335,0.7862056280438912,0.0495262993134163
2026-09-24T13:09:37,B,S3volcal_cov,ext_dev,chronos_sig_calibrated,vol_forecast,0,,,,
2026-09-24T13:34:10,A,C_C0,ext_dev,uni|MED_SIG,LS,1,5,0.05,6.369977540252062,1.1705897040649624,0.07374022010115679
2026-09-24T13:34:10,B,C_C0,ext_dev,uni|SIG,vol_forecast,0,,,,
2026-09-24T13:34:12,A,C_C0,ext_dev,xl|MED_SIG,LS,1,5,0.05,5.4692709362832135,1.0051334214615724,0.06331745399111412
2026-09-24T13:34:12,B,C_C0,ext_dev,xl|SIG,vol_forecast,0,,,,
2026-09-24T13:34:14,A,C_C0,ext_dev,cov|MED_SIG,LS,1,5,0.05,6.386332866998111,1.26273140760841,0.07954460183815205
2026-09-24T13:34:14,B,C_C0,ext_dev,cov|SIG,vol_forecast,0,,,,
2026-09-24T13:34:16,A,C_C0,ext_dev,xl_cov|MED_SIG,LS,1,5,0.05,6.203150956968966,1.466773679296446,0.09239805678651442
2026-09-24T13:34:16,B,C_C0,ext_dev,xl_cov|SIG,vol_forecast,0,,,,
2026-09-24T13:34:18,A,C_C1,ext_dev,xl_sector|MED_SIG,LS,1,5,0.05,5.987475085500815,1.1891085207664336,0.0749067959003778
2026-09-24T13:34:18,B,C_C1,ext_dev,xl_sector|SIG,vol_forecast,0,,,,
2026-09-24T13:34:20,A,C_C1,ext_dev,xl_market|MED_SIG,LS,1,5,0.05,5.695016156466012,1.1876184225331967,0.07481292853480156
2026-09-24T13:34:20,B,C_C1,ext_dev,xl_market|SIG,vol_forecast,0,,,,
2026-09-24T13:34:23,A,C_C1,ext_dev,xl_liq|MED_SIG,LS,1,5,0.05,5.356180790183125,0.8981358417545589,0.05657724001991009
2026-09-24T13:34:23,B,C_C1,ext_dev,xl_liq|SIG,vol_forecast,0,,,,
2026-09-24T13:34:25,A,C_C1,ext_dev,xl_rand20|MED_SIG,LS,1,5,0.05,6.114187916590892,1.1834109186068815,0.07454788070076925
2026-09-24T13:34:25,B,C_C1,ext_dev,xl_rand20|SIG,vol_forecast,0,,,,
2026-09-24T13:34:27,A,C_C2,ext_dev,cov_sector|MED_SIG,LS,1,5,0.05,6.482046257279981,1.337641720406011,0.08426350798806899
2026-09-24T13:34:27,B,C_C2,ext_dev,cov_sector|SIG,vol_forecast,0,,,,
2026-09-24T13:34:29,A,C_C2,ext_dev,cov_fut|MED_SIG,LS,1,5,0.05,6.955892873800084,1.5732118512191617,0.09910303137965354
2026-09-24T13:34:29,B,C_C2,ext_dev,cov_fut|SIG,vol_forecast,0,,,,
2026-09-24T13:34:31,A,C_C3,ext_dev,ctx64|MED_SIG,LS,1,5,0.05,4.793433783439727,1.2161040462762889,0.07660735416253439
2026-09-24T13:34:31,B,C_C3,ext_dev,ctx64|SIG,vol_forecast,0,,,,
2026-09-24T13:34:33,A,C_C3,ext_dev,ctx128|MED_SIG,LS,1,5,0.05,4.755302547228487,0.8003386164794758,0.05041659390109984
2026-09-24T13:34:33,B,C_C3,ext_dev,ctx128|SIG,vol_forecast,0,,,,
2026-09-24T13:34:35,A,C_C3,ext_dev,ctx512|MED_SIG,LS,1,5,0.05,5.398893206011225,0.7702753044962956,0.04852278325599406
2026-09-24T13:34:35,B,C_C3,ext_dev,ctx512|SIG,vol_forecast,0,,,,
2026-09-24T13:34:37,A,C_C4,ext_dev,resid|MED_SIG,LS,1,5,0.05,5.76999937069005,1.815157386746253,0.11434416751839226
2026-09-24T13:34:37,B,C_C4,ext_dev,resid|SIG,vol_forecast,0,,,,
2026-09-24T13:34:39,A,C_C4,ext_dev,weekly|MED_SIG,LS,1,5,0.05,5.390932055474639,1.2428642072323073,0.07829308585143166
2026-09-24T13:34:39,B,C_C4,ext_dev,weekly|SIG,vol_forecast,0,,,,
2026-09-24T13:34:41,A,C_C4,ext_dev,logprice|MED_SIG,LS,1,5,0.05,2.5906282570271864,-0.14713878803610922,-0.009268872413214068
2026-09-24T13:34:41,B,C_C4,ext_dev,logprice|SIG,vol_forecast,0,,,,
2026-09-24T14:04:11,A,C_C0,ext_dev,uni|MED_SIG,LS,1,5,0.05,6.369977540252062,1.1705897040649624,0.07374022010115679
2026-09-24T14:04:11,B,C_C0,ext_dev,uni|SIG,vol_forecast,0,,,,
2026-09-24T14:04:13,A,C_C0,ext_dev,xl|MED_SIG,LS,1,5,0.05,5.4692709362832135,1.0051334214615724,0.06331745399111412
2026-09-24T14:04:13,B,C_C0,ext_dev,xl|SIG,vol_forecast,0,,,,
2026-09-24T14:04:15,A,C_C0,ext_dev,cov|MED_SIG,LS,1,5,0.05,6.386332866998111,1.26273140760841,0.07954460183815205
2026-09-24T14:04:15,B,C_C0,ext_dev,cov|SIG,vol_forecast,0,,,,
2026-09-24T14:04:17,A,C_C0,ext_dev,xl_cov|MED_SIG,LS,1,5,0.05,6.203150956968966,1.466773679296446,0.09239805678651442
2026-09-24T14:04:17,B,C_C0,ext_dev,xl_cov|SIG,vol_forecast,0,,,,
2026-09-24T14:04:19,A,C_C1,ext_dev,xl_sector|MED_SIG,LS,1,5,0.05,5.987475085500815,1.1891085207664336,0.0749067959003778
2026-09-24T14:04:19,B,C_C1,ext_dev,xl_sector|SIG,vol_forecast,0,,,,
2026-09-24T14:04:21,A,C_C1,ext_dev,xl_market|MED_SIG,LS,1,5,0.05,5.695016156466012,1.1876184225331967,0.07481292853480156
2026-09-24T14:04:21,B,C_C1,ext_dev,xl_market|SIG,vol_forecast,0,,,,
2026-09-24T14:04:23,A,C_C1,ext_dev,xl_liq|MED_SIG,LS,1,5,0.05,5.356180790183125,0.8981358417545589,0.05657724001991009
2026-09-24T14:04:23,B,C_C1,ext_dev,xl_liq|SIG,vol_forecast,0,,,,
2026-09-24T14:04:25,A,C_C1,ext_dev,xl_rand20|MED_SIG,LS,1,5,0.05,6.114187916590892,1.1834109186068815,0.07454788070076925
2026-09-24T14:04:25,B,C_C1,ext_dev,xl_rand20|SIG,vol_forecast,0,,,,
2026-09-24T14:04:27,A,C_C2,ext_dev,cov_sector|MED_SIG,LS,1,5,0.05,6.482046257279981,1.337641720406011,0.08426350798806899
2026-09-24T14:04:27,B,C_C2,ext_dev,cov_sector|SIG,vol_forecast,0,,,,
2026-09-24T14:04:29,A,C_C2,ext_dev,cov_fut|MED_SIG,LS,1,5,0.05,6.955892873800084,1.5732118512191617,0.09910303137965354
2026-09-24T14:04:29,B,C_C2,ext_dev,cov_fut|SIG,vol_forecast,0,,,,
2026-09-24T14:04:31,A,C_C3,ext_dev,ctx64|MED_SIG,LS,1,5,0.05,4.793433783439727,1.2161040462762889,0.07660735416253439
2026-09-24T14:04:31,B,C_C3,ext_dev,ctx64|SIG,vol_forecast,0,,,,
2026-09-24T14:04:33,A,C_C3,ext_dev,ctx128|MED_SIG,LS,1,5,0.05,4.755302547228487,0.8003386164794758,0.05041659390109984
2026-09-24T14:04:33,B,C_C3,ext_dev,ctx128|SIG,vol_forecast,0,,,,
2026-09-24T14:04:35,A,C_C3,ext_dev,ctx512|MED_SIG,LS,1,5,0.05,5.398893206011225,0.7702753044962956,0.04852278325599406
2026-09-24T14:04:35,B,C_C3,ext_dev,ctx512|SIG,vol_forecast,0,,,,
2026-09-24T14:04:37,A,C_C4,ext_dev,resid|MED_SIG,LS,1,5,0.05,5.76999937069005,1.815157386746253,0.11434416751839226
2026-09-24T14:04:37,B,C_C4,ext_dev,resid|SIG,vol_forecast,0,,,,
2026-09-24T14:04:39,A,C_C4,ext_dev,weekly|MED_SIG,LS,1,5,0.05,5.390932055474639,1.2428642072323073,0.07829308585143166
2026-09-24T14:04:39,B,C_C4,ext_dev,weekly|SIG,vol_forecast,0,,,,
2026-09-24T14:04:41,A,C_C4,ext_dev,logprice|MED_SIG,LS,1,5,0.05,2.5906282570271864,-0.14713878803610922,-0.009268872413214068
2026-09-24T14:04:41,B,C_C4,ext_dev,logprice|SIG,vol_forecast,0,,,,
2026-09-24T14:15:18,B,S3volenc,ext_dev,E1_encompassing_chronos_rv_xl_vs_loghar_pooled_mkt,vol_forecast,0,,,,
2026-09-24T14:15:18,B,S3volenc,ext_dev,E2_combo_eqw_geo_vs_loghar_pooled_mkt,vol_forecast,0,,,,
2026-09-24T15:06:03,A,C_C0,ext_dev,uni|MED_SIG,LS,1,5,0.05,6.369977540252062,1.1705897040649624,0.07374022010115679
2026-09-24T15:06:03,B,C_C0,ext_dev,uni|SIG,vol_forecast,0,,,,
2026-09-24T15:06:05,A,C_C0,ext_dev,xl|MED_SIG,LS,1,5,0.05,5.4692709362832135,1.0051334214615724,0.06331745399111412
2026-09-24T15:06:05,B,C_C0,ext_dev,xl|SIG,vol_forecast,0,,,,
2026-09-24T15:06:08,A,C_C0,ext_dev,cov|MED_SIG,LS,1,5,0.05,6.386332866998111,1.26273140760841,0.07954460183815205
2026-09-24T15:06:08,B,C_C0,ext_dev,cov|SIG,vol_forecast,0,,,,
2026-09-24T15:06:10,A,C_C0,ext_dev,xl_cov|MED_SIG,LS,1,5,0.05,6.203150956968966,1.466773679296446,0.09239805678651442
2026-09-24T15:06:10,B,C_C0,ext_dev,xl_cov|SIG,vol_forecast,0,,,,
2026-09-24T15:06:12,A,C_C1,ext_dev,xl_sector|MED_SIG,LS,1,5,0.05,5.987475085500815,1.1891085207664336,0.0749067959003778
2026-09-24T15:06:12,B,C_C1,ext_dev,xl_sector|SIG,vol_forecast,0,,,,
2026-09-24T15:06:14,A,C_C1,ext_dev,xl_market|MED_SIG,LS,1,5,0.05,5.695016156466012,1.1876184225331967,0.07481292853480156
2026-09-24T15:06:14,B,C_C1,ext_dev,xl_market|SIG,vol_forecast,0,,,,
2026-09-24T15:06:16,A,C_C1,ext_dev,xl_liq|MED_SIG,LS,1,5,0.05,5.356180790183125,0.8981358417545589,0.05657724001991009
2026-09-24T15:06:16,B,C_C1,ext_dev,xl_liq|SIG,vol_forecast,0,,,,
2026-09-24T15:06:18,A,C_C1,ext_dev,xl_rand20|MED_SIG,LS,1,5,0.05,6.114187916590892,1.1834109186068815,0.07454788070076925
2026-09-24T15:06:18,B,C_C1,ext_dev,xl_rand20|SIG,vol_forecast,0,,,,
2026-09-24T15:06:20,A,C_C2,ext_dev,cov_sector|MED_SIG,LS,1,5,0.05,6.482046257279981,1.337641720406011,0.08426350798806899
2026-09-24T15:06:20,B,C_C2,ext_dev,cov_sector|SIG,vol_forecast,0,,,,
2026-09-24T15:06:22,A,C_C2,ext_dev,cov_fut|MED_SIG,LS,1,5,0.05,6.955892873800084,1.5732118512191617,0.09910303137965354
2026-09-24T15:06:22,B,C_C2,ext_dev,cov_fut|SIG,vol_forecast,0,,,,
2026-09-24T15:06:24,A,C_C3,ext_dev,ctx64|MED_SIG,LS,1,5,0.05,4.793433783439727,1.2161040462762889,0.07660735416253439
2026-09-24T15:06:24,B,C_C3,ext_dev,ctx64|SIG,vol_forecast,0,,,,
2026-09-24T15:06:26,A,C_C3,ext_dev,ctx128|MED_SIG,LS,1,5,0.05,4.755302547228487,0.8003386164794758,0.05041659390109984
2026-09-24T15:06:26,B,C_C3,ext_dev,ctx128|SIG,vol_forecast,0,,,,
2026-09-24T15:06:28,A,C_C3,ext_dev,ctx512|MED_SIG,LS,1,5,0.05,5.398893206011225,0.7702753044962956,0.04852278325599406
2026-09-24T15:06:28,B,C_C3,ext_dev,ctx512|SIG,vol_forecast,0,,,,
2026-09-24T15:06:30,A,C_C4,ext_dev,resid|MED_SIG,LS,1,5,0.05,5.76999937069005,1.815157386746253,0.11434416751839226
2026-09-24T15:06:30,B,C_C4,ext_dev,resid|SIG,vol_forecast,0,,,,
2026-09-24T15:06:32,A,C_C4,ext_dev,weekly|MED_SIG,LS,1,5,0.05,5.390932055474639,1.2428642072323073,0.07829308585143166
2026-09-24T15:06:32,B,C_C4,ext_dev,weekly|SIG,vol_forecast,0,,,,
2026-09-24T15:06:34,A,C_C4,ext_dev,logprice|MED_SIG,LS,1,5,0.05,2.5906282570271864,-0.14713878803610922,-0.009268872413214068
2026-09-24T15:06:34,B,C_C4,ext_dev,logprice|SIG,vol_forecast,0,,,,
2026-09-24T15:06:36,A,C_C3b,ext_dev,cov_fut_ctx128|MED_SIG,LS,1,5,0.05,5.746522987168177,1.4058941975547399,0.08856300991425127
2026-09-24T15:06:36,B,C_C3b,ext_dev,cov_fut_ctx128|SIG,vol_forecast,0,,,,
2026-09-24T15:06:38,A,C_C3b,ext_dev,cov_fut_ctx512|MED_SIG,LS,1,5,0.05,6.324983393889324,1.1988723996288948,0.07552186245517381
2026-09-24T15:06:38,B,C_C3b,ext_dev,cov_fut_ctx512|SIG,vol_forecast,0,,,,
2026-09-24T15:06:40,A,C_C3b,ext_dev,xl_liq_ctx128|MED_SIG,LS,1,5,0.05,5.581607250189442,1.0212615318350409,0.06433342944743789
2026-09-24T15:06:40,B,C_C3b,ext_dev,xl_liq_ctx128|SIG,vol_forecast,0,,,,
2026-09-24T15:06:42,A,C_C3b,ext_dev,xl_liq_ctx512|MED_SIG,LS,1,5,0.05,4.689238178854083,0.5863984024836848,0.03693962719469977
2026-09-24T15:06:42,B,C_C3b,ext_dev,xl_liq_ctx512|SIG,vol_forecast,0,,,,
2026-09-24T15:06:54,A,S3ref_cov_fut,ext_dev,chronos,LS_5d,1,5,0.05,6.955892873800084,1.5732118512191617,0.09910303137965354
2026-09-24T15:06:56,A,S3mimic_cov_fut,ext_dev,mimic,LS_5d,1,5,0.05,5.690126515398251,2.060168465930585,0.12977841475594692
2026-09-24T15:06:57,A,S3mimic_cov_fut,ext_dev,chronos_minus_mimic,LS_5d,1,5,0.05,2.9315208613288073,-0.5937212033848169,-0.037400920291957754
2026-09-24T15:06:59,A,S3mimic_cov_fut,ext_dev,mimic_ext,LS_5d,1,5,0.05,5.294903389096511,1.6089211829379853,0.10135250783708967
2026-09-24T15:07:00,A,S3mimic_cov_fut,ext_dev,chronos_minus_mimic_ext,LS_5d,1,5,0.05,2.659585496870414,-0.3752196227480459,-0.023636614495781035
2026-09-24T15:07:03,A,S3combo_cov_fut,ext_dev,combo_classic,LS_5d,1,5,0.05,4.158493617658211,1.313924956857854,0.0827694923154084
2026-09-24T15:07:04,A,S3combo_cov_fut,ext_dev,combo_plus_chronos,LS_5d,1,5,0.05,4.741407757484581,1.2268180213307045,0.0772822711517471
2026-09-24T15:07:05,A,S3turn_cov_fut,ext_dev,chronos_smooth_hl5,LS_5d,1,5,0.05,6.77216437018138,1.6491167474503774,0.10388459039679546
2026-09-24T15:07:06,A,S3turn_cov_fut,ext_dev,chronos_smooth_hl10,LS_5d,1,5,0.05,6.228989926098827,1.4651780916942305,0.0922975442153125
2026-09-24T15:07:08,A,S3turn_cov_fut,ext_dev,chronos_smooth_hl21,LS_5d,1,5,0.05,5.465880107444259,1.058533902089476,0.06668136807760829
2026-09-24T15:07:09,A,S3turn_cov_fut,ext_dev,chronos_monthly,LS_21d,1,5,0.05,6.63312334751482,1.5015872585957446,0.09459110614541846
2026-09-24T15:07:10,A,S3turn_cov_fut,ext_dev,chronos_smooth_hl10_monthly,LS_21d,1,5,0.05,5.076874101745566,1.0666192014262956,0.06719069406143544
2026-09-24T15:07:11,A,S3turn_cov_fut,ext_dev,combo_plus_chronos_hl10,LS_5d,1,5,0.05,4.346335785216227,0.9019154635897042,0.056815333815759234
2026-09-24T15:07:13,A,S3turn_cov_fut,ext_dev,combo_classic_hl10,LS_5d,1,5,0.05,3.3849276413003335,0.7862056280438912,0.0495262993134163
2026-09-24T15:07:14,B,S3volcal_cov_fut,ext_dev,chronos_sig_calibrated,vol_forecast,0,,,,
2026-09-24T15:07:23,A,S3ref_xl_liq,ext_dev,chronos,LS_5d,1,5,0.05,5.356180790183125,0.8981358417545589,0.05657724001991009
2026-09-24T15:07:25,A,S3mimic_xl_liq,ext_dev,mimic,LS_5d,1,5,0.05,5.830762000117408,2.166307767704834,0.13646456229939216
2026-09-24T15:07:26,A,S3mimic_xl_liq,ext_dev,chronos_minus_mimic,LS_5d,1,5,0.05,0.9551356630374269,-1.6446374159640114,-0.10360241903601579
2026-09-24T15:07:29,A,S3mimic_xl_liq,ext_dev,mimic_ext,LS_5d,1,5,0.05,5.271262087873184,1.6111318756521114,0.10149176838820301
2026-09-24T15:07:30,A,S3mimic_xl_liq,ext_dev,chronos_minus_mimic_ext,LS_5d,1,5,0.05,0.8400903394985377,-1.2924997914562182,-0.0814198337570476
2026-09-24T15:07:32,A,S3combo_xl_liq,ext_dev,combo_classic,LS_5d,1,5,0.05,4.158493617658211,1.313924956857854,0.0827694923154084
2026-09-24T15:07:33,A,S3combo_xl_liq,ext_dev,combo_plus_chronos,LS_5d,1,5,0.05,3.874149015447163,1.0331016488630318,0.06507928671291326
2026-09-24T15:07:35,A,S3turn_xl_liq,ext_dev,chronos_smooth_hl5,LS_5d,1,5,0.05,6.149885198425607,1.2398062072429104,0.07810044995902256
2026-09-24T15:07:36,A,S3turn_xl_liq,ext_dev,chronos_smooth_hl10,LS_5d,1,5,0.05,5.814234012893384,1.1037156034319453,0.0695275477338694
2026-09-24T15:07:37,A,S3turn_xl_liq,ext_dev,chronos_smooth_hl21,LS_5d,1,5,0.05,5.2688614055477165,0.8692956932075329,0.054760481428729336
2026-09-24T15:07:38,A,S3turn_xl_liq,ext_dev,chronos_monthly,LS_21d,1,5,0.05,5.48307095689431,1.1268111810653014,0.07098243237204192
2026-09-24T15:07:40,A,S3turn_xl_liq,ext_dev,chronos_smooth_hl10_monthly,LS_21d,1,5,0.05,4.172544721395564,0.7548544365504976,0.047551359884914324
2026-09-24T15:07:41,A,S3turn_xl_liq,ext_dev,combo_plus_chronos_hl10,LS_5d,1,5,0.05,3.3674386581242723,0.5124634578024797,0.032282163460800095
2026-09-24T15:07:42,A,S3turn_xl_liq,ext_dev,combo_classic_hl10,LS_5d,1,5,0.05,3.3849276413003335,0.7862056280438912,0.0495262993134163
2026-09-24T15:07:43,B,S3volcal_xl_liq,ext_dev,chronos_sig_calibrated,vol_forecast,0,,,,
2026-09-24T15:07:50,A,S3qshape_cov_fut,ext_dev,qshape_SKEW,LS_5d,1,5,0.05,-0.5580009301187665,-1.5131620428633852,-0.09532024901807085
2026-09-24T15:07:53,A,S3qshape_cov_fut,ext_dev,qshape_UPDOWN,LS_5d,1,5,0.05,-0.5588608017830604,-1.5134619489063252,-0.09533914132298286
2026-09-24T15:07:56,A,S3qshape_cov_fut,ext_dev,qshape_TAIL,LS_5d,1,5,0.05,-1.424516733880701,0.12503192874786614,0.00787627117641908
2026-09-24T15:07:59,A,S3qshape_cov_fut,ext_dev,qshape_DOWN,LS_5d,1,5,0.05,-2.591783016456977,-0.969086027760582,-0.06104668163052228
2026-09-24T15:08:02,A,S3qshape_cov_fut,ext_dev,qshape_PUP,LS_5d,1,5,0.05,7.048928871954762,1.6901026559331984,0.1064664599468811
2026-09-24T15:08:04,B,S3qshape_cov_fut,ext_dev,vol_iqr80,vol_forecast,0,,,,
2026-09-24T15:08:04,B,S3qshape_cov_fut,ext_dev,vol_iqr50,vol_forecast,0,,,,
2026-09-24T15:08:06,B,S3volattr,ext_dev,baseline_loghar,vol_forecast,0,,,,
2026-09-24T15:08:06,B,S3volattr,ext_dev,baseline_loghar_pooled,vol_forecast,0,,,,
2026-09-24T15:08:06,B,S3volattr,ext_dev,baseline_loghar_pooled_mkt,vol_forecast,0,,,,
