ticker,horizon,n,da,p_binom,da_ci_lo,da_ci_hi,pearson,spearman,amp_ratio,coverage,mae,p_binom_bh,baseline
SBER,1,500,0.048,1.0,0.03246497509125218,0.07042768006068446,,,0.0,0.048,0.002246236175299063,1.0,zero
SBER,2,500,0.05,1.0,0.03409350665098192,0.07276865002683111,,,0.0,0.05,0.0021126274212950806,1.0,zero
SBER,3,500,0.048,1.0,0.03246497509125218,0.07042768006068446,,,0.0,0.048,0.0022996850726728704,1.0,zero
SBER,5,500,0.03,1.0,0.018263049234083534,0.04890409218496562,,,0.0,0.03,0.002159616087735879,1.0,zero
GAZP,1,500,0.046,1.0,0.030844883399787512,0.06807827022627275,,,0.0,0.046,0.003307699569650213,1.0,zero
GAZP,2,500,0.044,1.0,0.029233737680341678,0.06571991441984218,,,0.0,0.044,0.0028508624363545163,1.0,zero
GAZP,3,500,0.046,1.0,0.030844883399787512,0.06807827022627275,,,0.0,0.046,0.0029890278589411673,1.0,zero
GAZP,5,500,0.03,1.0,0.018263049234083534,0.04890409218496562,,,0.0,0.03,0.003209772936219691,1.0,zero
LKOH,1,500,0.054,1.0,0.03737409848513375,0.07742706124443205,,,0.0,0.054,0.002711801866720309,1.0,zero
LKOH,2,500,0.042,1.0,0.027632099334746148,0.06335205123956134,,,0.0,0.042,0.002433161249660224,1.0,zero
LKOH,3,500,0.068,1.0,0.04906621332682857,0.09352145708387197,,,0.0,0.068,0.002407995463924336,1.0,zero
LKOH,5,500,0.036,1.0,0.022890872735181415,0.05618477326149691,,,0.0,0.036,0.0023478517258696137,1.0,zero
ROSN,1,500,0.05,1.0,0.03409350665098192,0.07276865002683111,,,0.0,0.05,0.0029503225075107413,1.0,zero
ROSN,2,500,0.056,1.0,0.03902536261505807,0.07974529864038413,,,0.0,0.056,0.0028897892846563755,1.0,zero
ROSN,3,500,0.052,1.0,0.03573001990962654,0.07510163829406287,,,0.0,0.052,0.003004591976271363,1.0,zero
ROSN,5,500,0.034,1.0,0.02133433944461342,0.053771805026188516,,,0.0,0.034,0.0030687272750056795,1.0,zero
NVTK,1,500,0.058,1.0,0.040683464783922846,0.08205669799739573,,,0.0,0.058,0.0036042661536034555,1.0,zero
NVTK,2,500,0.056,1.0,0.03902536261505807,0.07974529864038413,,,0.0,0.056,0.0033658773352486203,1.0,zero
NVTK,3,500,0.064,1.0,0.045695733565557124,0.08895293379339062,,,0.0,0.064,0.0035049667934282055,1.0,zero
NVTK,5,500,0.04,1.0,0.026040593951356387,0.06097405509707471,,,0.0,0.04,0.0038648140796344395,1.0,zero
TATN,1,500,0.056,1.0,0.03902536261505807,0.07974529864038413,,,0.0,0.056,0.0031350834508264117,1.0,zero
TATN,2,500,0.058,1.0,0.040683464783922846,0.08205669799739573,,,0.0,0.058,0.0030867550160999257,1.0,zero
TATN,3,500,0.06,1.0,0.042348086000950205,0.08436157830624476,,,0.0,0.06,0.003272084149751444,1.0,zero
TATN,5,500,0.046,1.0,0.030844883399787512,0.06807827022627275,,,0.0,0.046,0.0033203508269225635,1.0,zero
GMKN,1,500,0.05,1.0,0.03409350665098192,0.07276865002683111,,,0.0,0.05,0.0035018386990615094,1.0,zero
GMKN,2,500,0.058,1.0,0.040683464783922846,0.08205669799739573,,,0.0,0.058,0.00329826057105682,1.0,zero
GMKN,3,500,0.066,1.0,0.04737823802541255,0.09123993085941157,,,0.0,0.066,0.003401671502861058,1.0,zero
GMKN,5,500,0.042,1.0,0.027632099334746148,0.06335205123956134,,,0.0,0.042,0.0034545360176564204,1.0,zero
PLZL,1,500,0.048,1.0,0.03246497509125218,0.07042768006068446,,,0.0,0.048,0.0033395862190479936,1.0,zero
PLZL,2,500,0.054,1.0,0.03737409848513375,0.07742706124443205,,,0.0,0.054,0.0031527015053124836,1.0,zero
PLZL,3,500,0.05,1.0,0.03409350665098192,0.07276865002683111,,,0.0,0.05,0.0034155397497632,1.0,zero
PLZL,5,500,0.036,1.0,0.022890872735181415,0.05618477326149691,,,0.0,0.036,0.003158896952681781,1.0,zero
MAGN,1,500,0.048,1.0,0.03246497509125218,0.07042768006068446,,,0.0,0.048,0.003916159233966167,1.0,zero
MAGN,2,500,0.054,1.0,0.03737409848513375,0.07742706124443205,,,0.0,0.054,0.003291179288596851,1.0,zero
MAGN,3,500,0.056,1.0,0.03902536261505807,0.07974529864038413,,,0.0,0.056,0.003503843612699458,1.0,zero
MAGN,5,500,0.03,1.0,0.018263049234083534,0.04890409218496562,,,0.0,0.03,0.003946640948457862,1.0,zero
NLMK,1,500,0.052,1.0,0.03573001990962654,0.07510163829406287,,,0.0,0.052,0.0038905809985253738,1.0,zero
NLMK,2,500,0.05,1.0,0.03409350665098192,0.07276865002683111,,,0.0,0.05,0.0034585044174863626,1.0,zero
NLMK,3,500,0.056,1.0,0.03902536261505807,0.07974529864038413,,,0.0,0.056,0.00369298608807373,1.0,zero
NLMK,5,500,0.036,1.0,0.022890872735181415,0.05618477326149691,,,0.0,0.036,0.003798573747435612,1.0,zero
MOEX,1,500,0.05,1.0,0.03409350665098192,0.07276865002683111,,,0.0,0.05,0.0029391458306877267,1.0,zero
MOEX,2,500,0.046,1.0,0.030844883399787512,0.06807827022627275,,,0.0,0.046,0.0030073453174053162,1.0,zero
MOEX,3,500,0.048,1.0,0.03246497509125218,0.07042768006068446,,,0.0,0.048,0.0030154896395492665,1.0,zero
MOEX,5,500,0.026,1.0,0.0152562373229252,0.04397190104437119,,,0.0,0.026,0.003130155365232876,1.0,zero
VTBR,1,500,0.06,1.0,0.042348086000950205,0.08436157830624476,,,0.0,0.06,0.0034880473835758024,1.0,zero
VTBR,2,500,0.066,1.0,0.04737823802541255,0.09123993085941157,,,0.0,0.066,0.00331367536455737,1.0,zero
VTBR,3,500,0.054,1.0,0.03737409848513375,0.07742706124443205,,,0.0,0.054,0.003334760696247338,1.0,zero
VTBR,5,500,0.052,1.0,0.03573001990962654,0.07510163829406287,,,0.0,0.052,0.003209278163846772,1.0,zero
SBER,1,500,0.478,0.8481663435029607,0.43455017112738104,0.5217853120879786,-0.056434768402319764,-0.08178104546603983,1.505552215393834,0.038,0.0050133405135333094,0.9911554664990548,last
SBER,2,500,0.488,0.7194853223785777,0.4444444444444444,0.5317385464002973,-0.0670579606756234,-0.06981674101181831,1.6770936363075615,0.038,0.004984656019589233,0.9911554664990548,last
SBER,3,500,0.506,0.4115454541227596,0.46229784108368,0.5496106634939493,-0.09363027654422058,-0.02178007912292264,1.5568299101820684,0.038,0.005146964140300189,0.9744984477628461,last
SBER,5,500,0.478,0.8481663435029607,0.43455017112738104,0.5217853120879786,-0.005332433650197289,-0.001442294457508162,1.555949504402921,0.018,0.004916329840998824,0.9911554664990548,last
GAZP,1,500,0.454,0.9822716809936584,0.4108749466266584,0.49782651827818475,-0.05915768720670803,-0.11510025573443726,1.3764958576775674,0.038,0.007013751536017256,0.9911554664990548,last
GAZP,2,500,0.528,0.11360664595976239,0.4841949689615891,0.5713780524006803,0.0030952482929522216,0.005890484300226595,1.7662866977114917,0.038,0.006494083747745563,0.9744984477628461,last
GAZP,3,500,0.5,0.5178323227766748,0.45634046916507415,0.5436595308349258,-0.07519071033790617,-0.01454831125370222,1.5253481499440786,0.038,0.006840185121669679,0.9911554664990548,last
GAZP,5,500,0.456,0.9779682652105365,0.41284403669724773,0.4998269297334718,0.004102523734723185,-0.06166449792261448,1.561921360098073,0.018,0.006928594697340823,0.9911554664990548,last
LKOH,1,500,0.512,0.3114047159898812,0.4682614535997027,0.5555555555555556,-0.06765605709928509,-0.04041921874949514,1.3317187610685586,0.038,0.005842680660907138,0.9744984477628461,last
LKOH,2,500,0.534,0.0699592627814865,0.4901815185143591,0.5773000074255396,0.06290472871172756,0.06200429834364406,1.4181759666047642,0.038,0.005438801383027148,0.9744984477628461,last
LKOH,3,500,0.504,0.44664512189130445,0.4603113571655595,0.5476276458861933,-0.04511142986560986,0.04246002347428232,1.6080896715985147,0.038,0.005555958403694778,0.9744984477628461,last
LKOH,5,500,0.48,0.826167910343493,0.43652763662029404,0.523777348120942,0.006309284979575873,-0.005742113474638586,1.4931015997717962,0.018,0.005546495633522303,0.9911554664990548,last
ROSN,1,500,0.496,0.5884545458772403,0.4523723541138067,0.5396886428344405,-0.059142859626711085,-0.04682456776593312,1.4325796204737287,0.04,0.006631420724908833,0.9911554664990548,last
ROSN,2,500,0.482,0.8022446142825708,0.43850579699662956,0.5257686892704829,-0.00966975988066558,-0.016058221188485176,1.5200559306567962,0.038,0.006471648478484901,0.9911554664990548,last
ROSN,3,500,0.524,0.1518336564970393,0.4802074191766619,0.5674265991338547,-0.0043622045338829385,0.05333067369662284,1.3730444755347273,0.038,0.006460902689002228,0.9744984477628461,last
ROSN,5,500,0.506,0.4115454541227596,0.46229784108368,0.5496106634939493,0.013925175634168216,-0.0038682121582333507,1.3312927929896636,0.018,0.006766998446198947,0.9744984477628461,last
NVTK,1,500,0.494,0.6228605443222957,0.4503893365060508,0.5377021589163201,-0.025691658651564014,-0.015484626530325927,1.6088390352543713,0.038,0.00790840496195869,0.9911554664990548,last
NVTK,2,500,0.522,0.17383208965650696,0.4782146879120214,0.565449828872619,0.0139148555648735,0.0029787142423769648,1.6138999232689708,0.038,0.007718373836566316,0.9744984477628461,last
NVTK,3,500,0.472,0.9026958456960592,0.4286219475993197,0.5158050310384108,-0.022486063339179737,-0.028661663821252185,1.616837440937533,0.038,0.008148487518713764,0.9911554664990548,last
NVTK,5,500,0.508,0.37713945567770435,0.4642850183794739,0.5515929877240316,0.01609863088527292,-0.008920522652400448,1.6908865816679368,0.018,0.008270808972603235,0.9744984477628461,last
TATN,1,500,0.458,0.9728154910491661,0.41481382806562594,0.50182663989097,-0.0016788628316788438,-0.032097167125613175,1.2895115665854808,0.038,0.006615425001301723,0.9911554664990548,last
TATN,2,500,0.514,0.28051467762142235,0.47025071185469686,0.5575357988264379,0.10000245071382338,0.06428627448130958,1.3631697150074258,0.038,0.006412472517675681,0.9744984477628461,last
TATN,3,500,0.528,0.11360664595976239,0.4841949689615891,0.5713780524006803,0.1003868081132487,0.0815673834604601,1.3684616366350153,0.038,0.006502010323746732,0.9744984477628461,last
TATN,5,500,0.468,0.9300407372185135,0.4246732802775799,0.511814695308398,-0.0013337953148662557,-0.037341193335079584,1.3358343467579537,0.018,0.006899320056349973,0.9911554664990548,last
GMKN,1,500,0.514,0.28051467762142235,0.47025071185469686,0.5575357988264379,-0.019348619522274603,-0.02128874525616395,1.4985513056514956,0.044,0.00731327446209026,0.9744984477628461,last
GMKN,2,500,0.492,0.6563183459598099,0.44840701227596835,0.5357149816205261,-0.008501560409161908,-0.04639385544257869,1.6037748794017241,0.044,0.007246054576617962,0.9911554664990548,last
GMKN,3,500,0.514,0.28051467762142235,0.47025071185469686,0.5575357988264379,-0.04362911263671802,0.04484041182490272,1.6074010047191662,0.046,0.007317225954257231,0.9744984477628461,last
GMKN,5,500,0.448,0.9911554664990547,0.40497189195901473,0.4918210683681993,-0.031652712303440314,-0.11302837724186271,1.5549801843875075,0.022,0.007687519779058517,0.9911554664990548,last
PLZL,1,500,0.466,0.941281892247928,0.4226999925744605,0.5098184814856409,-0.09804414981954898,-0.12063233783808915,1.386997718790403,0.042,0.007238093958012888,0.9911554664990548,last
PLZL,2,500,0.482,0.8022446142825708,0.43850579699662956,0.5257686892704829,-0.022556742730953136,-0.06714757537499741,1.5660028427184105,0.042,0.006842522924857569,0.9911554664990548,last
PLZL,3,500,0.542,0.03330483459228645,0.4981733601090301,0.5851861719343742,0.04787738810451484,0.09259869698482537,1.4287692875842601,0.042,0.006808417918148568,0.7993160302148747,last
PLZL,5,500,0.518,0.22356475076240614,0.4742313107295171,0.5614942030033705,0.03790070845685617,0.042626258231595375,1.393908116106119,0.022,0.006795449030754623,0.9744984477628461,last
MAGN,1,500,0.468,0.9300407372185135,0.4246732802775799,0.511814695308398,-0.012132094032203807,-0.08364666310459805,1.4638885897601344,0.038,0.008131527037480534,0.9911554664990548,last
MAGN,2,500,0.498,0.5533548781086955,0.45435606501666037,0.5416744334574632,0.009382421265157995,-0.01737165558598846,1.6618960220029373,0.038,0.007651880177262669,0.9911554664990548,last
MAGN,3,500,0.506,0.4115454541227596,0.46229784108368,0.5496106634939493,-0.03259276542917406,-0.046456596595270586,1.5627450718056095,0.038,0.007922864915376368,0.9744984477628461,last
MAGN,5,500,0.498,0.5533548781086955,0.45435606501666037,0.5416744334574632,-0.013505134222275813,0.022796800967685372,1.4666732372187354,0.018,0.008097892563664184,0.9911554664990548,last
NLMK,1,500,0.546,0.02203173478946351,0.5021734817218153,0.5891250533733416,-0.02255442634352425,0.037843585420529825,1.5243920205892816,0.038,0.00767028160157416,0.7993160302148747,last
NLMK,2,500,0.504,0.44664512189130445,0.4603113571655595,0.5476276458861933,0.053310591224848256,-0.006932963195183974,1.5908591077779124,0.038,0.007509734668477823,0.9744984477628461,last
NLMK,3,500,0.524,0.1518336564970393,0.4802074191766619,0.5674265991338547,-0.08948909417739404,0.016531955398832395,1.6210869669647496,0.038,0.0077732080848563305,0.9744984477628461,last
NLMK,5,500,0.482,0.8022446142825708,0.43850579699662956,0.5257686892704829,-0.06934511363645057,-0.046612380807039,1.4546211279985513,0.018,0.008022975436497212,0.9911554664990548,last
MOEX,1,500,0.508,0.37713945567770435,0.4642850183794739,0.5515929877240316,-0.0301930467686945,0.004804842863760853,1.573175285652088,0.04,0.0065659011400707535,0.9744984477628461,last
MOEX,2,500,0.518,0.22356475076240614,0.4742313107295171,0.5614942030033705,-0.0683277160437323,-0.03172291137648994,1.5221249065292188,0.038,0.006754364688002549,0.9744984477628461,last
MOEX,3,500,0.512,0.3114047159898812,0.4682614535997027,0.5555555555555556,0.009274732524899743,0.0005916239414866215,1.568255934032882,0.038,0.006819208698346893,0.9744984477628461,last
MOEX,5,500,0.496,0.5884545458772403,0.4523723541138067,0.5396886428344405,-0.05555784954268944,-0.02280632160862196,1.5924315136460794,0.018,0.00701668467296615,0.9911554664990548,last
VTBR,1,500,0.456,0.9779682652105365,0.41284403669724773,0.4998269297334718,-0.14022197991257723,-0.13314838708066742,1.4955023617494456,0.046,0.007865917403930674,0.9911554664990548,last
VTBR,2,500,0.484,0.7764352492375939,0.4404846519415505,0.5277593358514384,0.0899414649234465,-0.01720567681846606,1.549500025639105,0.044,0.007409225141224319,0.9911554664990548,last
VTBR,3,500,0.478,0.8481663435029607,0.43455017112738104,0.5217853120879786,-0.09406257561530204,-0.04750610840430309,1.5902887056472559,0.044,0.007653936510110816,0.9911554664990548,last
VTBR,5,500,0.466,0.941281892247928,0.4226999925744605,0.5098184814856409,-0.08122038312846985,-0.05953451637344335,1.7131733977373154,0.022,0.007665025181757404,0.9911554664990548,last
SBER,1,500,0.512,0.3114047159898812,0.4682614535997027,0.5555555555555556,0.0319127192101619,0.04712053702620721,0.7549064983131952,0.024,0.0026629719643421206,0.999610116343281,momentum5
SBER,2,500,0.426,0.999610116343281,0.38338181137240096,0.4697466321701727,-0.11268816536535202,-0.1131613335424851,0.7796107174665963,0.024,0.0028280711366718407,0.999610116343281,momentum5
SBER,3,500,0.486,0.7488128296233405,0.4424642011735621,0.5297492881453032,-0.07685872993732727,-0.024828056269715067,0.6858817487795317,0.024,0.0029018410145909054,0.999610116343281,momentum5
SBER,5,500,0.464,0.9510549859861879,0.4207274028995594,0.5078215696346657,-0.04394439094655123,-0.062085476926773665,0.7178836321287871,0.004,0.002801641521369021,0.999610116343281,momentum5
GAZP,1,500,0.498,0.5533548781086955,0.45435606501666037,0.5416744334574632,0.07215993356089653,-0.001962356644186175,0.6435968510788412,0.024,0.003898410753203125,0.999610116343281,momentum5
GAZP,2,500,0.496,0.5884545458772403,0.4523723541138067,0.5396886428344405,-0.019519504412548447,-0.014038685225469624,0.682136259478905,0.024,0.003600688279369891,0.999610116343281,momentum5
GAZP,3,500,0.486,0.7488128296233405,0.4424642011735621,0.5297492881453032,0.03402093274403086,0.009234404901061226,0.7657662548996585,0.024,0.0036380355093136433,0.999610116343281,momentum5
GAZP,5,500,0.48,0.826167910343493,0.43652763662029404,0.523777348120942,0.019486591080681757,-0.0204232968584108,0.6486670526068514,0.004,0.003930933849854912,0.999610116343281,momentum5
LKOH,1,500,0.528,0.11360664595976239,0.4841949689615891,0.5713780524006803,0.01603207680171358,0.07884436782781078,0.6150524871816702,0.024,0.0032017119359766246,0.999610116343281,momentum5
LKOH,2,500,0.5,0.5178323227766748,0.45634046916507415,0.5436595308349258,0.01524748169304827,-0.010211720369939925,0.6766869878850564,0.024,0.0030622003252732508,0.999610116343281,momentum5
LKOH,3,500,0.516,0.25118717037665955,0.4722406641485616,0.5595153480584495,-0.0641211836176085,-0.003149040898059364,0.6697307205669595,0.024,0.0030939222712660125,0.999610116343281,momentum5
LKOH,5,500,0.468,0.9300407372185135,0.4246732802775799,0.511814695308398,0.016425041623515043,0.012391670805472746,0.6980241673376275,0.004,0.0029888615026175077,0.999610116343281,momentum5
ROSN,1,500,0.51,0.3436816540401902,0.4662728891685752,0.5535746184608068,-0.019971966030711927,0.040182207971255275,0.7296509429339084,0.024,0.0035632412879403204,0.999610116343281,momentum5
ROSN,2,500,0.492,0.6563183459598099,0.44840701227596835,0.5357149816205261,-0.01404458794133666,-0.03981315611474533,0.6889024696393953,0.024,0.0036551206005310376,0.999610116343281,momentum5
ROSN,3,500,0.5,0.5178323227766748,0.45634046916507415,0.5436595308349258,-0.02420876347862002,-0.014705560121023342,0.6966099122276113,0.024,0.003711655198666372,0.999610116343281,momentum5
ROSN,5,500,0.464,0.9510549859861879,0.4207274028995594,0.5078215696346657,0.048473344275863764,0.009057203774473267,0.622733940882448,0.004,0.0037440896261290288,0.999610116343281,momentum5
NVTK,1,500,0.502,0.4821676772233252,0.4583255665425368,0.5456439349833396,0.07753812933641899,0.07820277774853776,0.7005795091246081,0.024,0.004290166583815087,0.999610116343281,momentum5
NVTK,2,500,0.504,0.44664512189130445,0.4603113571655595,0.5476276458861933,0.0263076661636887,0.012730470756791139,0.6902020320466224,0.024,0.0041826637436529175,0.999610116343281,momentum5
NVTK,3,500,0.482,0.8022446142825708,0.43850579699662956,0.5257686892704829,-0.020888986815148183,-0.021790866286934624,0.6947597607824618,0.024,0.00444381991676346,0.999610116343281,momentum5
NVTK,5,500,0.446,0.9930870168486119,0.4030056150135332,0.4898178437878044,-0.0027813084543317538,-0.051533708834375976,0.7416990948204396,0.004,0.00473959847288498,0.999610116343281,momentum5
TATN,1,500,0.472,0.9026958456960592,0.4286219475993197,0.5158050310384108,0.004717200561730816,-0.0017515968112714816,0.6661457693831501,0.024,0.00386328245066602,0.999610116343281,momentum5
TATN,2,500,0.504,0.44664512189130445,0.4603113571655595,0.5476276458861933,0.008445554054511454,0.006404566127574845,0.6864468135594192,0.024,0.0038190148938194142,0.999610116343281,momentum5
TATN,3,500,0.5,0.5178323227766748,0.45634046916507415,0.5436595308349258,0.0635513403356827,0.0463785976432533,0.653142276985772,0.024,0.0038995416472344677,0.999610116343281,momentum5
TATN,5,500,0.458,0.9728154910491661,0.41481382806562594,0.50182663989097,0.026515197524385803,-0.047670290707687406,0.6204964750136035,0.004,0.004081355575677195,0.999610116343281,momentum5
GMKN,1,500,0.496,0.5884545458772403,0.4523723541138067,0.5396886428344405,0.01740984430430187,-0.0027058800407058162,0.7106518358004394,0.03,0.004324658636393887,0.999610116343281,momentum5
GMKN,2,500,0.504,0.44664512189130445,0.4603113571655595,0.5476276458861933,0.011917810655160243,-0.03136858123911225,0.7146150607815271,0.03,0.004161381030617143,0.999610116343281,momentum5
GMKN,3,500,0.508,0.37713945567770435,0.4642850183794739,0.5515929877240316,-0.03889513608954822,0.032825239767894025,0.7698630318261797,0.03,0.00425484135546947,0.999610116343281,momentum5
GMKN,5,500,0.466,0.941281892247928,0.4226999925744605,0.5098184814856409,-0.02552232448404051,-0.032170774871168525,0.6898890829125096,0.008,0.004288693469561193,0.999610116343281,momentum5
PLZL,1,500,0.47,0.9172142910952068,0.4266472654581187,0.5138102116537354,-0.0945496928953666,-0.09780993052822423,0.7656261377462446,0.028,0.004284618083247914,0.999610116343281,momentum5
PLZL,2,500,0.496,0.5884545458772403,0.4523723541138067,0.5396886428344405,0.036482654827478096,0.0009903806702102416,0.6791848095564483,0.028,0.0038555326573147183,0.999610116343281,momentum5
PLZL,3,500,0.514,0.28051467762142235,0.47025071185469686,0.5575357988264379,0.024140986596242107,0.04282987166243499,0.720494587312969,0.028,0.004069090929387586,0.999610116343281,momentum5
PLZL,5,500,0.504,0.44664512189130445,0.4603113571655595,0.5476276458861933,-0.007509615179986008,0.03708991194730072,0.739051107379657,0.008,0.0039385497318305,0.999610116343281,momentum5
MAGN,1,500,0.462,0.9594838251953932,0.41875551183784954,0.5058239591704992,0.012316294732182988,-0.044626916284733344,0.6466049847071909,0.024,0.004764230344457697,0.999610116343281,momentum5
MAGN,2,500,0.508,0.37713945567770435,0.4642850183794739,0.5515929877240316,-0.010418808343188068,-0.015140075257427903,0.7506896873551547,0.024,0.004250008175762292,0.999610116343281,momentum5
MAGN,3,500,0.468,0.9300407372185135,0.4246732802775799,0.511814695308398,-0.027553724996688293,-0.04490866634488181,0.8082413173478122,0.024,0.004561377524395552,0.999610116343281,momentum5
MAGN,5,500,0.462,0.9594838251953932,0.41875551183784954,0.5058239591704992,-0.04175471735264932,-0.018377150638666476,0.6786804444883332,0.004,0.004819151301999005,0.999610116343281,momentum5
NLMK,1,500,0.528,0.11360664595976239,0.4841949689615891,0.5713780524006803,-0.00311054295092676,0.05418544859789503,0.6198850155484306,0.024,0.004576656221935294,0.999610116343281,momentum5
NLMK,2,500,0.482,0.8022446142825708,0.43850579699662956,0.5257686892704829,-0.00042168190480008563,-0.02110340215220172,0.7565663630301909,0.024,0.004303595239361462,0.999610116343281,momentum5
NLMK,3,500,0.48,0.826167910343493,0.43652763662029404,0.523777348120942,-0.028712392618086578,-0.03707131876008104,0.6431705808544785,0.024,0.004598281215310889,0.999610116343281,momentum5
NLMK,5,500,0.464,0.9510549859861879,0.4207274028995594,0.5078215696346657,-0.05871825796774098,-0.0594689890898976,0.7380083981094097,0.004,0.004695226989003816,0.999610116343281,momentum5
MOEX,1,500,0.52,0.1977553857174292,0.47622265187905793,0.563472363379706,0.004406998172261415,0.05303793385298285,0.7292647874107632,0.024,0.0035435412014583126,0.999610116343281,momentum5
MOEX,2,500,0.5,0.5178323227766748,0.45634046916507415,0.5436595308349258,-0.060341541552646566,-0.05498563639406461,0.6888048754477196,0.024,0.0037318998241999326,0.999610116343281,momentum5
MOEX,3,500,0.496,0.5884545458772403,0.4523723541138067,0.5396886428344405,0.022243842218812804,-0.01037574147510639,0.7925545628632612,0.024,0.0038326959923935303,0.999610116343281,momentum5
MOEX,5,500,0.51,0.3436816540401902,0.4662728891685752,0.5535746184608068,-0.044182249028977404,0.011661108557748164,0.6224504714706393,0.004,0.003815696745483024,0.999610116343281,momentum5
VTBR,1,500,0.484,0.7764352492375939,0.4404846519415505,0.5277593358514384,-0.04162558038484221,-0.01700617969847451,0.6498890652133804,0.03,0.004262818231474174,0.999610116343281,momentum5
VTBR,2,500,0.468,0.9300407372185135,0.4246732802775799,0.511814695308398,-0.0373982771119012,-0.0787953810279548,0.7353538804905783,0.03,0.0041174891102611294,0.999610116343281,momentum5
VTBR,3,500,0.454,0.9822716809936584,0.4108749466266584,0.49782651827818475,-0.07796270730444875,-0.07347955665987595,0.7704174455568316,0.03,0.004261057055141095,0.999610116343281,momentum5
VTBR,5,500,0.466,0.941281892247928,0.4226999925744605,0.5098184814856409,-0.06403895311328764,-0.06916648118201693,0.7354481665430007,0.008,0.004164034856806083,0.999610116343281,momentum5
SBER,1,500,0.51,0.3436816540401902,0.4662728891685752,0.5535746184608068,0.014926619335960392,-0.0001798022866262515,0.046014232544531276,0.038,0.0022376509782651797,0.8682483891541647,ar1
SBER,2,500,0.488,0.7194853223785777,0.4444444444444444,0.5317385464002973,-0.0005176557698501258,-0.0174847045773696,0.001446683096569297,0.038,0.0021129786003250437,0.9894623486960792,ar1
SBER,3,500,0.506,0.4115454541227596,0.46229784108368,0.5496106634939493,-0.029493565523330222,0.03669519605117691,5.218265630013164e-05,0.038,0.0022995086072606437,0.9406753237091647,ar1
SBER,5,500,0.492,0.6563183459598099,0.44840701227596835,0.5357149816205261,0.009070345729002696,0.01795739644575745,5.037668447786018e-08,0.018,0.0021596194768851752,0.9894623486960792,ar1
GAZP,1,500,0.522,0.17383208965650696,0.4782146879120214,0.565449828872619,-0.11487742926462675,-0.046070076343708126,0.031497471049658055,0.038,0.0033341812089351464,0.7154072024396997,ar1
GAZP,2,500,0.528,0.11360664595976239,0.4841949689615891,0.5713780524006803,-0.032882964920119634,0.03451874444440551,0.0007207802045399676,0.038,0.00285134359226599,0.6816398757585743,ar1
GAZP,3,500,0.49,0.6885952840101188,0.4464253815391932,0.5337271108314249,0.013259517056604136,-0.042092466152457805,1.312259099787221e-05,0.038,0.0029887829131922615,0.9894623486960792,ar1
GAZP,5,500,0.48,0.826167910343493,0.43652763662029404,0.523777348120942,0.03854406208883522,0.012479548378819634,7.404160849250525e-09,0.018,0.0032097716598535344,0.9894623486960792,ar1
LKOH,1,500,0.518,0.22356475076240614,0.4742313107295171,0.5614942030033705,0.008616423548661248,0.05511029953704453,0.03722486305193487,0.038,0.002708582524881029,0.7154072024396997,ar1
LKOH,2,500,0.534,0.0699592627814865,0.4901815185143591,0.5773000074255396,0.0522365972716811,0.03452828024517267,0.001394852340461464,0.038,0.002431775180194144,0.6716089227022704,ar1
LKOH,3,500,0.482,0.8022446142825708,0.43850579699662956,0.5257686892704829,-0.018309791833548215,-0.048285123357122435,6.111275217120581e-05,0.038,0.0024080323053389616,0.9894623486960792,ar1
LKOH,5,500,0.492,0.6563183459598099,0.44840701227596835,0.5357149816205261,0.010497870916828404,0.0350541464425855,6.563697672119297e-08,0.018,0.0023478515097474072,0.9894623486960792,ar1
ROSN,1,500,0.474,0.8863933540402376,0.430597326218342,0.5177991539452649,0.011254553799287506,-0.041254791210322404,0.041437710012274906,0.04,0.0029634999874165653,0.9894623486960792,ar1
ROSN,2,500,0.482,0.8022446142825708,0.43850579699662956,0.5257686892704829,0.054368129025520774,0.001543779984444439,0.0011368673773440633,0.038,0.0028888117365503648,0.9894623486960792,ar1
ROSN,3,500,0.49,0.6885952840101188,0.4464253815391932,0.5337271108314249,-0.06360028522901331,-0.03613839480749472,3.930484068540007e-05,0.038,0.003004644631459674,0.9894623486960792,ar1
ROSN,5,500,0.486,0.7488128296233405,0.4424642011735621,0.5297492881453032,-0.04138275908306229,-0.016964581172893976,4.758588073707272e-08,0.018,0.0030687273468515326,0.9894623486960792,ar1
NVTK,1,500,0.478,0.8481663435029607,0.43455017112738104,0.5217853120879786,-0.03883173598644964,-0.055125704442472105,0.05936893343810053,0.038,0.0036466642060817116,0.9894623486960792,ar1
NVTK,2,500,0.522,0.17383208965650696,0.4782146879120214,0.565449828872619,-0.03557351504268821,0.008619435453441631,0.0020039953305771635,0.038,0.0033655011820327013,0.7154072024396997,ar1
NVTK,3,500,0.478,0.8481663435029607,0.43455017112738104,0.5217853120879786,0.025635489420155234,-0.02881275081612146,8.047979770467841e-05,0.038,0.0035048924694794205,0.9894623486960792,ar1
NVTK,5,500,0.47,0.9172142910952068,0.4266472654581187,0.5138102116537354,0.013228283089182615,-0.037847768432919315,1.2279480546968174e-07,0.018,0.0038648144057412026,0.999610116343281,ar1
TATN,1,500,0.534,0.0699592627814865,0.4901815185143591,0.5773000074255396,0.06789432238523962,0.045869878860699216,0.03972030854730123,0.038,0.0031380739600324965,0.6716089227022704,ar1
TATN,2,500,0.514,0.28051467762142235,0.47025071185469686,0.5575357988264379,0.09880772744671813,0.07836187488639254,0.0014891820550703406,0.038,0.0030847059540481006,0.7920414426957807,ar1
TATN,3,500,0.52,0.1977553857174292,0.47622265187905793,0.563472363379706,0.025469407484521644,-0.018207341314333037,4.928111377968392e-05,0.038,0.003272126424894539,0.7154072024396997,ar1
TATN,5,500,0.458,0.9728154910491661,0.41481382806562594,0.50182663989097,-0.013714042497884767,-0.026719850261399437,6.526761745283533e-08,0.018,0.00332035260569495,0.999610116343281,ar1
GMKN,1,500,0.548,0.01772831900634162,0.5041745952330335,0.5910934413879999,-0.09511344272880796,0.0051186741516586415,0.029137964298891907,0.044,0.003513856489794201,0.6716089227022704,ar1
GMKN,2,500,0.492,0.6563183459598099,0.44840701227596835,0.5357149816205261,-0.04087212068159791,-0.03460010619125077,0.0007526399188274467,0.044,0.0032998329143692964,0.9894623486960792,ar1
GMKN,3,500,0.514,0.28051467762142235,0.47025071185469686,0.5575357988264379,0.017925655423581554,0.017566221669713767,1.75627605663654e-05,0.046,0.0034017078344581496,0.7920414426957807,ar1
GMKN,5,500,0.454,0.9822716809936584,0.4108749466266584,0.49782651827818475,-0.025752298886778036,-0.057157955305292094,1.0013597954381542e-08,0.022,0.003454536277553752,0.999610116343281,ar1
PLZL,1,500,0.452,0.9858369196169022,0.4089065586120002,0.49582540476696657,0.013710992785837608,-0.09702283476573516,0.04237098153121016,0.042,0.0033467119418689336,0.999610116343281,ar1
PLZL,2,500,0.482,0.8022446142825708,0.43850579699662956,0.5257686892704829,0.00043871062496847094,-0.07001207720847588,0.0010742205701612382,0.042,0.003152865483044686,0.9894623486960792,ar1
PLZL,3,500,0.542,0.03330483459228645,0.4981733601090301,0.5851861719343742,0.08230631646555764,0.10743147514277301,3.922631308181506e-05,0.042,0.0034153414354433477,0.6716089227022704,ar1
PLZL,5,500,0.498,0.5533548781086955,0.45435606501666037,0.5416744334574632,0.07319450578776508,0.048684208621884335,3.810765782965646e-08,0.022,0.003158895058942264,0.9894623486960792,ar1
MAGN,1,500,0.53,0.09730415430394085,0.4861897883462646,0.5733527345418813,0.044795054996355776,0.047460315083959814,0.027095607224147056,0.038,0.00391543569083934,0.6816398757585743,ar1
MAGN,2,500,0.498,0.5533548781086955,0.45435606501666037,0.5416744334574632,-0.0003815228832053832,-0.03975756916523538,0.0006396706502281888,0.038,0.003290861212668557,0.9894623486960792,ar1
MAGN,3,500,0.528,0.11360664595976239,0.4841949689615891,0.5713780524006803,0.07221520533225191,0.033296798634019846,1.6245234362239675e-05,0.038,0.003503723459540542,0.6816398757585743,ar1
MAGN,5,500,0.476,0.8682336164995751,0.4325734008661452,0.5197925808233381,-0.015088282017670778,-0.06684153265188147,7.26075697750799e-09,0.018,0.003946641072280997,0.9894623486960792,ar1
NLMK,1,500,0.536,0.058718107752071994,0.4921784303653343,0.5792725971004405,-0.05774737969156274,0.0807413188658476,0.05010060527973387,0.038,0.0039003458732119857,0.6716089227022704,ar1
NLMK,2,500,0.504,0.44664512189130445,0.4603113571655595,0.5476276458861933,-0.04834087041573056,-0.02767539796701846,0.0019561382630252475,0.038,0.0034594763564428466,0.9744984477628461,ar1
NLMK,3,500,0.524,0.1518336564970393,0.4802074191766619,0.5674265991338547,0.013892975093133433,0.03256898757308591,8.992501728365295e-05,0.038,0.0036929435201211876,0.7154072024396997,ar1
NLMK,5,500,0.502,0.4821676772233252,0.4583255665425368,0.5456439349833396,-0.028234719602081154,-0.031707627929998414,1.4223505964752729e-07,0.018,0.003798573291655862,0.9894623486960792,ar1
MOEX,1,500,0.518,0.22356475076240614,0.4742313107295171,0.5614942030033705,0.03522765475192359,0.015811700547030457,0.043840051969038854,0.04,0.0029521689152141734,0.7154072024396997,ar1
MOEX,2,500,0.518,0.22356475076240614,0.4742313107295171,0.5614942030033705,0.020747876043809375,-0.001881144286625266,0.0010992966013630466,0.038,0.0030078927557612703,0.7154072024396997,ar1
MOEX,3,500,0.512,0.3114047159898812,0.4682614535997027,0.5555555555555556,-0.020075291932959864,-0.013473174338348808,3.200373338579148e-05,0.038,0.0030157249927952215,0.8304125759730164,ar1
MOEX,5,500,0.474,0.8863933540402376,0.430597326218342,0.5177991539452649,0.04434684628234806,-0.01610232988784614,2.558592983987934e-08,0.018,0.0031301463459736984,0.9894623486960792,ar1
VTBR,1,500,0.508,0.37713945567770435,0.4642850183794739,0.5515929877240316,-0.014518482096155787,0.02714953503340779,0.03572729418994934,0.046,0.0034935811154199275,0.9051346936264905,ar1
VTBR,2,500,0.484,0.7764352492375939,0.4404846519415505,0.5277593358514384,0.05502149170289744,0.008866329530192035,0.0010690900695391472,0.044,0.003313891169274106,0.9894623486960792,ar1
VTBR,3,500,0.482,0.8022446142825708,0.43850579699662956,0.5257686892704829,0.024340773088087807,-0.06756562517230608,2.8197851699501047e-05,0.044,0.0033347288064840626,0.9894623486960792,ar1
VTBR,5,500,0.426,0.999610116343281,0.38338181137240096,0.4697466321701727,-0.09503529312067986,-0.07157006696384283,3.3006706051612356e-08,0.022,0.0032092798036939146,0.999610116343281,ar1
